{
  "swagger": "2.0",
  "info": {
    "description": "Azure Data Lake Storage provides storage for Hadoop and other big data workloads.",
    "title": "Azure Data Lake Storage REST API",
    "version": "2018-06-17",
    "x-ms-code-generation-settings": {
      "internalConstructors": true,
      "name": "DataLakeStorageClient"
    }
  },
  "x-ms-parameterized-host": {
    "hostTemplate": "{accountName}.{dnsSuffix}",
    "parameters": [
      {
        "$ref": "#/parameters/accountName"
      },
      {
        "$ref": "#/parameters/dnsSuffix"
      }
    ]
  },
  "schemes": [
    "http",
    "https"
  ],
  "produces": [
    "application/json"
  ],
  "tags": [
    {
      "name": "Account Operations"
    },
    {
      "name": "Filesystem Operations"
    },
    {
      "name": "File and Directory Operations"
    }
  ],
  "parameters": {
    "Version": {
      "description": "Specifies the version of the REST protocol used for processing the request. This is required when using shared key authorization.",
      "in": "header",
      "name": "x-ms-version",
      "required": false,
      "type": "string",
      "x-ms-parameter-location": "client"
    },
    "accountName": {
      "description": "The Azure Storage account name.",
      "in": "path",
      "name": "accountName",
      "required": true,
      "type": "string",
      "x-ms-skip-url-encoding": true,
      "x-ms-parameter-location": "client"
    },
    "dnsSuffix": {
      "default": "dfs.core.windows.net",
      "description": "The DNS suffix for the Azure Data Lake Storage endpoint.",
      "in": "path",
      "name": "dnsSuffix",
      "required": true,
      "type": "string",
      "x-ms-skip-url-encoding": true,
      "x-ms-parameter-location": "client"
    }
  },
  "definitions": {
    "DataLakeStorageError": {
      "properties": {
        "error": {
          "description": "The service error response object.",
          "properties": {
            "code": {
              "description": "The service error code.",
              "type": "string"
            },
            "message": {
              "description": "The service error message.",
              "type": "string"
            }
          }
        }
      }
    },
    "Path": {
      "properties": {
        "name": {
          "type": "string"
        },
        "isDirectory": {
          "default": false,
          "type": "boolean"
        },
        "lastModified": {
          "type": "string"
        },
        "eTag": {
          "type": "string"
        },
        "contentLength": {
          "type": "integer",
          "format": "int64"
        },
        "owner": {
          "type": "string"
        },
        "group": {
          "type": "string"
        },
        "permissions": {
          "type": "string"
        }
      }
    },
    "PathList": {
      "properties": {
        "paths": {
          "type": "array",
          "items": {
            "$ref": "#/definitions/Path"
          }
        }
      }
    },
    "Filesystem": {
      "properties": {
        "name": {
          "type": "string"
        },
        "lastModified": {
          "type": "string"
        },
        "eTag": {
          "type": "string"
        }
      }
    },
    "FilesystemList": {
      "properties": {
        "filesystems": {
          "type": "array",
          "items": {
            "$ref": "#/definitions/Filesystem"
          }
        }
      }
    }
  },
  "responses": {
    "ErrorResponse": {
      "description": "An error occurred. The possible HTTP status, code, and message strings are listed below:\n* 400 Bad Request, ContentLengthMustBeZero, \"The Content-Length request header must be zero.\"\n* 400 Bad Request, InvalidAuthenticationInfo, \"Authentication information is not given in the correct format. Check the value of Authorization header.\"\n* 400 Bad Request, InvalidFlushPosition, \"The uploaded data is not contiguous or the position query parameter value is not equal to the length of the file after appending the uploaded data.\"\n* 400 Bad Request, InvalidHeaderValue, \"The value for one of the HTTP headers is not in the correct format.\"\n* 400 Bad Request, InvalidHttpVerb, \"The HTTP verb specified is invalid - it is not recognized by the server.\"\n* 400 Bad Request, InvalidInput, \"One of the request inputs is not valid.\"\n* 400 Bad Request, InvalidPropertyName, \"A property name cannot be empty.\"\n* 400 Bad Request, InvalidPropertyName, \"The property name contains invalid characters.\"\n* 400 Bad Request, InvalidQueryParameterValue, \"Value for one of the query parameters specified in the request URI is invalid.\"\n* 400 Bad Request, InvalidResourceName, \"The specified resource name contains invalid characters.\"\n* 400 Bad Request, InvalidSourceUri, \"The source URI is invalid.\"\n* 400 Bad Request, InvalidUri, \"The request URI is invalid.\"\n* 400 Bad Request, MissingRequiredHeader, \"An HTTP header that's mandatory for this request is not specified.\"\n* 400 Bad Request, MissingRequiredQueryParameter, \"A query parameter that's mandatory for this request is not specified.\"\n* 400 Bad Request, MultipleConditionHeadersNotSupported, \"Multiple condition headers are not supported.\"\n* 400 Bad Request, OutOfRangeInput, \"One of the request inputs is out of range.\"\n* 400 Bad Request, OutOfRangeQueryParameterValue, \"One of the query parameters specified in the request URI is outside the permissible range.\"\n* 400 Bad Request, UnsupportedHeader, \"One of the headers specified in the request is not supported.\"\n* 400 Bad Request, UnsupportedQueryParameter, \"One of the query parameters specified in the request URI is not supported.\"\n* 400 Bad Request, UnsupportedRestVersion, \"The specified Rest Version is Unsupported.\"\n* 403 Forbidden, AccountIsDisabled, \"The specified account is disabled.\"\n* 403 Forbidden, AuthorizationFailure, \"This request is not authorized to perform this operation.\"\n* 403 Forbidden, InsufficientAccountPermissions, \"The account being accessed does not have sufficient permissions to execute this operation.\"\n* 404 Not Found, FilesystemNotFound, \"The specified filesystem does not exist.\"\n* 404 Not Found, PathNotFound, \"The specified path does not exist.\"\n* 404 Not Found, RenameDestinationParentPathNotFound, \"The parent directory of the destination path does not exist.\"\n* 404 Not Found, ResourceNotFound, \"The specified resource does not exist.\"\n* 404 Not Found, SourcePathNotFound, \"The source path for a rename operation does not exist.\"\n* 405 Method Not Allowed, UnsupportedHttpVerb, \"The resource doesn't support the specified HTTP verb.\"\n* 409 Conflict, DestinationPathIsBeingDeleted, \"The specified destination path is marked to be deleted.\"\n* 409 Conflict, DirectoryNotEmpty, \"The recursive query parameter value must be true to delete a non-empty directory.\"\n* 409 Conflict, FilesystemAlreadyExists, \"The specified filesystem already exists.\"\n* 409 Conflict, FilesystemBeingDeleted, \"The specified filesystem is being deleted.\"\n* 409 Conflict, InvalidDestinationPath, \"The specified path, or an element of the path, exists and its resource type is invalid for this operation.\"* 409 Conflict, InvalidFlushOperation, \"The resource was created or modified by the Blob Service API and cannot be written to by the Data Lake Storage Service API.\"\n* 409 Conflict, InvalidRenameSourcePath, \"The source directory cannot be the same as the destination directory, nor can the destination be a subdirectory of the source directory.\"\n* 409 Conflict, InvalidSourceOrDestinationResourceType, \"The source and destination resource type must be identical.\"\n* 409 Conflict, LeaseAlreadyPresent, \"There is already a lease present.\"\n* 409 Conflict, LeaseIdMismatchWithLeaseOperation, \"The lease ID specified did not match the lease ID for the resource with the specified lease operation.\"\n* 409 Conflict, LeaseIsAlreadyBroken, \"The lease has already been broken and cannot be broken again.\"\n* 409 Conflict, LeaseIsBreakingAndCannotBeAcquired, \"The lease ID matched, but the lease is currently in breaking state and cannot be acquired until it is broken.\"\n* 409 Conflict, LeaseIsBreakingAndCannotBeChanged, \"The lease ID matched, but the lease is currently in breaking state and cannot be changed.\"\n* 409 Conflict, LeaseIsBrokenAndCannotBeRenewed, \"The lease ID matched, but the lease has been broken explicitly and cannot be renewed.\"\n* 409 Conflict, LeaseNameMismatch, \"The lease name specified did not match the existing lease name.\"\n* 409 Conflict, LeaseNotPresentWithLeaseOperation, \"The lease ID is not present with the specified lease operation.\"\n* 409 Conflict, PathAlreadyExists, \"The specified path already exists.\"\n* 409 Conflict, PathConflict, \"The specified path, or an element of the path, exists and its resource type is invalid for this operation.\"\n* 409 Conflict, SourcePathIsBeingDeleted, \"The specified source path is marked to be deleted.\"\n* 409 Conflict, ResourceTypeMismatch, \"The resource type specified in the request does not match the type of the resource.\"\n* 412 Precondition Failed, ConditionNotMet, \"The condition specified using HTTP conditional header(s) is not met.\"\n* 412 Precondition Failed, LeaseIdMismatch, \"The lease ID specified did not match the lease ID for the resource.\"\n* 412 Precondition Failed, LeaseIdMissing, \"There is currently a lease on the resource and no lease ID was specified in the request.\"\n* 412 Precondition Failed, LeaseNotPresent, \"There is currently no lease on the resource.\"\n* 412 Precondition Failed, LeaseLost, \"A lease ID was specified, but the lease for the resource has expired.\"\n* 412 Precondition Failed, SourceConditionNotMet, \"The source condition specified using HTTP conditional header(s) is not met.\"\n* 413 Request Entity Too Large, RequestBodyTooLarge, \"The request body is too large and exceeds the maximum permissible limit.\"\n* 416 Requested Range Not Satisfiable, InvalidRange, \"The range specified is invalid for the current size of the resource.\"\n* 500 Internal Server Error, InternalError, \"The server encountered an internal error. Please retry the request.\"\n* 500 Internal Server Error, OperationTimedOut, \"The operation could not be completed within the permitted time.\"\n* 503 Service Unavailable, ServerBusy, \"Egress is over the account limit.\"\n* 503 Service Unavailable, ServerBusy, \"Ingress is over the account limit.\"\n* 503 Service Unavailable, ServerBusy, \"Operations per second is over the account limit.\"\n* 503 Service Unavailable, ServerBusy, \"The server is currently unable to receive requests. Please retry your request.\"",
      "headers": {
        "x-ms-request-id": {
          "description": "A server-generated UUID recorded in the analytics logs for troubleshooting and correlation.",
          "pattern": "^[{(]?[0-9a-f]{8}[-]?([0-9a-f]{4}[-]?){3}[0-9a-f]{12}[)}]?$",
          "type": "string"
        },
        "x-ms-version": {
          "description": "The version of the REST protocol used to process the request.",
          "type": "string"
        }
      },
      "schema": {
        "$ref": "#/definitions/DataLakeStorageError"
      }
    }
  },
  "paths": {
    "/": {
      "get": {
        "operationId": "Filesystem_List",
        "summary": "List Filesystems",
        "description": "List filesystems and their properties in given account.",
        "x-ms-pageable": {
          "itemName": "filesystems",
          "nextLinkName": null
        },
        "tags": [
          "Account Operations"
        ],
        "responses": {
          "200": {
            "description": "OK",
            "headers": {
              "Date": {
                "description": "A UTC date/time value generated by the service that indicates the time at which the response was initiated.",
                "type": "string"
              },
              "x-ms-request-id": {
                "description": "A server-generated UUID recorded in the analytics logs for troubleshooting and correlation.",
                "pattern": "^[{(]?[0-9a-f]{8}[-]?([0-9a-f]{4}[-]?){3}[0-9a-f]{12}[)}]?$",
                "type": "string"
              },
              "x-ms-version": {
                "description": "The version of the REST protocol used to process the request.",
                "type": "string"
              },
              "x-ms-continuation": {
                "description": "If the number of filesystems to be listed exceeds the maxResults limit, a continuation token is returned in this response header.  When a continuation token is returned in the response, it must be specified in a subsequent invocation of the list operation to continue listing the filesystems.",
                "type": "string"
              },
              "Content-Type": {
                "description": "The content type of list filesystem response. The default content type is application/json.",
                "type": "string"
              }
            },
            "schema": {
              "$ref": "#/definitions/FilesystemList"
            }
          },
          "default": {
            "$ref": "#/responses/ErrorResponse"
          }
        },
        "parameters": [
          {
            "name": "resource",
            "in": "query",
            "description": "The value must be \"account\" for all account operations.",
            "required": true,
            "type": "string",
            "enum": [
              "account"
            ],
            "x-ms-enum": {
              "name": "AccountResourceType",
              "modelAsString": false
            }
          },
          {
            "name": "prefix",
            "in": "query",
            "description": "Filters results to filesystems within the specified prefix.",
            "required": false,
            "type": "string"
          },
          {
            "name": "continuation",
            "in": "query",
            "description": "The number of filesystems returned with each invocation is limited. If the number of filesystems to be returned exceeds this limit, a continuation token is returned in the response header x-ms-continuation. When a continuation token is  returned in the response, it must be specified in a subsequent invocation of the list operation to continue listing the filesystems.",
            "required": false,
            "type": "string"
          },
          {
            "name": "maxResults",
            "in": "query",
            "description": "An optional value that specifies the maximum number of items to return. If omitted or greater than 5,000, the response will include up to 5,000 items.",
            "format": "int32",
            "minimum": 1,
            "required": false,
            "type": "integer"
          },
          {
            "name": "x-ms-client-request-id",
            "description": "A UUID recorded in the analytics logs for troubleshooting and correlation.",
            "in": "header",
            "pattern": "^[{(]?[0-9a-f]{8}[-]?([0-9a-f]{4}[-]?){3}[0-9a-f]{12}[)}]?$",
            "required": false,
            "type": "string",
            "x-ms-client-request-id": true
          },
          {
            "name": "timeout",
            "in": "query",
            "description": "An optional operation timeout value in seconds. The period begins when the request is received by the service. If the timeout value elapses before the operation completes, the operation fails.",
            "format": "int32",
            "minimum": 1,
            "required": false,
            "type": "integer"
          },
          {
            "name": "x-ms-date",
            "in": "header",
            "description": "Specifies the Coordinated Universal Time (UTC) for the request.  This is required when using shared key authorization.",
            "required": false,
            "type": "string"
          },
          {
            "$ref": "#/parameters/Version"
          }
        ]
      }
    },
    "/{filesystem}": {
      "put": {
        "operationId": "Filesystem_Create",
        "summary": "Create Filesystem",
        "description": "Create a filesystem rooted at the specified location. If the filesystem already exists, the operation fails.  This operation does not support conditional HTTP requests.",
        "tags": [
          "Filesystem Operations"
        ],
        "responses": {
          "201": {
            "description": "Created",
            "headers": {
              "Date": {
                "description": "A UTC date/time value generated by the service that indicates the time at which the response was initiated.",
                "type": "string"
              },
              "ETag": {
                "description": "An HTTP entity tag associated with the filesystem.",
                "type": "string"
              },
              "Last-Modified": {
                "description": "The data and time the filesystem was last modified.  Operations on files and directories do not affect the last modified time.",
                "type": "string"
              },
              "x-ms-request-id": {
                "description": "A server-generated UUID recorded in the analytics logs for troubleshooting and correlation.",
                "pattern": "^[{(]?[0-9a-f]{8}[-]?([0-9a-f]{4}[-]?){3}[0-9a-f]{12}[)}]?$",
                "type": "string"
              },
              "x-ms-version": {
                "description": "The version of the REST protocol used to process the request.",
                "type": "string"
              },
              "x-ms-namespace-enabled": {
                "description": "A bool string indicates whether the namespace feature is enabled. If \"true\", the namespace is enabled for the filesystem.  ",
                "type": "string"
              }
            }
          },
          "default": {
            "$ref": "#/responses/ErrorResponse"
          }
        },
        "parameters": [
          {
            "name": "x-ms-properties",
            "description": "User-defined properties to be stored with the filesystem, in the format of a comma-separated list of name and value pairs \"n1=v1, n2=v2, ...\", where each value is base64 encoded.",
            "in": "header",
            "required": false,
            "type": "string"
          }
        ]
      },
      "patch": {
        "operationId": "Filesystem_SetProperties",
        "summary": "Set Filesystem Properties",
        "description": "Set properties for the filesystem.  This operation supports conditional HTTP requests.  For more information, see [Specifying Conditional Headers for Blob Service Operations](https://docs.microsoft.com/en-us/rest/api/storageservices/specifying-conditional-headers-for-blob-service-operations).",
        "tags": [
          "Filesystem Operations"
        ],
        "responses": {
          "200": {
            "description": "Ok",
            "headers": {
              "Date": {
                "description": "A UTC date/time value generated by the service that indicates the time at which the response was initiated.",
                "type": "string"
              },
              "ETag": {
                "description": "An HTTP entity tag associated with the filesystem.  Changes to filesystem properties affect the entity tag, but operations on files and directories do not.",
                "type": "string"
              },
              "Last-Modified": {
                "description": "The data and time the filesystem was last modified.  Changes to filesystem properties update the last modified time, but operations on files and directories do not.",
                "type": "string"
              },
              "x-ms-request-id": {
                "description": "A server-generated UUID recorded in the analytics logs for troubleshooting and correlation.",
                "pattern": "^[{(]?[0-9a-f]{8}[-]?([0-9a-f]{4}[-]?){3}[0-9a-f]{12}[)}]?$",
                "type": "string"
              },
              "x-ms-version": {
                "description": "The version of the REST protocol used to process the request.",
                "type": "string"
              }
            }
          },
          "default": {
            "$ref": "#/responses/ErrorResponse"
          }
        },
        "parameters": [
          {
            "name": "x-ms-properties",
            "description": "Optional. User-defined properties to be stored with the filesystem, in the format of a comma-separated list of name and value pairs \"n1=v1, n2=v2, ...\", where each value is base64 encoded.  If the filesystem exists, any properties not included in the list will be removed.  All properties are removed if the header is omitted.  To merge new and existing properties, first get all existing properties and the current E-Tag, then make a conditional request with the E-Tag and include values for all properties.",
            "in": "header",
            "required": false,
            "type": "string"
          },
          {
            "name": "If-Modified-Since",
            "description": "Optional. A date and time value. Specify this header to perform the operation only if the resource has been modified since the specified date and time.",
            "in": "header",
            "required": false,
            "type": "string"
          },
          {
            "name": "If-Unmodified-Since",
            "description": "Optional. A date and time value. Specify this header to perform the operation only if the resource has not been modified since the specified date and time.",
            "in": "header",
            "required": false,
            "type": "string"
          }
        ]
      },
      "get": {
        "operationId": "Path_List",
        "summary": "List Paths",
        "description": "List filesystem paths and their properties.",
        "x-ms-pageable": {
          "itemName": "paths",
          "nextLinkName": null
        },
        "tags": [
          "Filesystem Operations"
        ],
        "responses": {
          "200": {
            "description": "Ok",
            "headers": {
              "Date": {
                "description": "A UTC date/time value generated by the service that indicates the time at which the response was initiated.",
                "type": "string"
              },
              "ETag": {
                "description": "An HTTP entity tag associated with the filesystem.  Changes to filesystem properties affect the entity tag, but operations on files and directories do not.",
                "type": "string"
              },
              "Last-Modified": {
                "description": "The data and time the filesystem was last modified.  Changes to filesystem properties update the last modified time, but operations on files and directories do not.",
                "type": "string"
              },
              "x-ms-request-id": {
                "description": "A server-generated UUID recorded in the analytics logs for troubleshooting and correlation.",
                "pattern": "^[{(]?[0-9a-f]{8}[-]?([0-9a-f]{4}[-]?){3}[0-9a-f]{12}[)}]?$",
                "type": "string"
              },
              "x-ms-version": {
                "description": "The version of the REST protocol used to process the request.",
                "type": "string"
              },
              "x-ms-continuation": {
                "description": "If the number of paths to be listed exceeds the maxResults limit, a continuation token is returned in this response header.  When a continuation token is returned in the response, it must be specified in a subsequent invocation of the list operation to continue listing the paths.",
                "type": "string"
              }
            },
            "schema": {
              "$ref": "#/definitions/PathList"
            }
          },
          "default": {
            "$ref": "#/responses/ErrorResponse"
          }
        },
        "parameters": [
          {
            "name": "directory",
            "in": "query",
            "description": "Filters results to paths within the specified directory. An error occurs if the directory does not exist.",
            "required": false,
            "type": "string"
          },
          {
            "name": "recursive",
            "in": "query",
            "description": "If \"true\", all paths are listed; otherwise, only paths at the root of the filesystem are listed.  If \"directory\" is specified, the list will only include paths that share the same root.",
            "required": true,
            "type": "boolean"
          },
          {
            "name": "continuation",
            "in": "query",
            "description": "The number of paths returned with each invocation is limited. If the number of paths to be returned exceeds this limit, a continuation token is returned in the response header x-ms-continuation. When a continuation token is  returned in the response, it must be specified in a subsequent invocation of the list operation to continue listing the paths.",
            "required": false,
            "type": "string"
          },
          {
            "name": "maxResults",
            "in": "query",
            "description": "An optional value that specifies the maximum number of items to return. If omitted or greater than 5,000, the response will include up to 5,000 items.",
            "format": "int32",
            "minimum": 1,
            "required": false,
            "type": "integer"
          }
        ]
      },
      "head": {
        "operationId": "Filesystem_GetProperties",
        "summary": "Get Filesystem Properties.",
        "description": "All system and user-defined filesystem properties are specified in the response headers.",
        "tags": [
          "Filesystem Operations"
        ],
        "responses": {
          "200": {
            "description": "Ok",
            "headers": {
              "Date": {
                "description": "A UTC date/time value generated by the service that indicates the time at which the response was initiated.",
                "type": "string"
              },
              "ETag": {
                "description": "An HTTP entity tag associated with the filesystem.  Changes to filesystem properties affect the entity tag, but operations on files and directories do not.",
                "type": "string"
              },
              "Last-Modified": {
                "description": "The data and time the filesystem was last modified.  Changes to filesystem properties update the last modified time, but operations on files and directories do not.",
                "type": "string"
              },
              "x-ms-request-id": {
                "description": "A server-generated UUID recorded in the analytics logs for troubleshooting and correlation.",
                "pattern": "^[{(]?[0-9a-f]{8}[-]?([0-9a-f]{4}[-]?){3}[0-9a-f]{12}[)}]?$",
                "type": "string"
              },
              "x-ms-version": {
                "description": "The version of the REST protocol used to process the request.",
                "type": "string"
              },
              "x-ms-properties": {
                "description": "The user-defined properties associated with the filesystem.  A comma-separated list of name and value pairs in the format \"n1=v1, n2=v2, ...\", where each value is base64 encoded.",
                "type": "string"
              },
              "x-ms-namespace-enabled": {
                "description": "A bool string indicates whether the namespace feature is enabled. If \"true\", the namespace is enabled for the filesystem.  ",
                "type": "string"
              }
            }
          },
          "default": {
            "$ref": "#/responses/ErrorResponse"
          }
        }
      },
      "delete": {
        "operationId": "Filesystem_Delete",
        "summary": "Delete Filesystem",
        "description": "Marks the filesystem for deletion.  When a filesystem is deleted, a filesystem with the same identifier cannot be created for at least 30 seconds. While the filesystem is being deleted, attempts to create a filesystem with the same identifier will fail with status code 409 (Conflict), with the service returning additional error information indicating that the filesystem is being deleted. All other operations, including operations on any files or directories within the filesystem, will fail with status code 404 (Not Found) while the filesystem is being deleted. This operation supports conditional HTTP requests.  For more information, see [Specifying Conditional Headers for Blob Service Operations](https://docs.microsoft.com/en-us/rest/api/storageservices/specifying-conditional-headers-for-blob-service-operations).",
        "tags": [
          "Filesystem Operations"
        ],
        "responses": {
          "202": {
            "description": "Accepted",
            "headers": {
              "x-ms-request-id": {
                "description": "A server-generated UUID recorded in the analytics logs for troubleshooting and correlation.",
                "pattern": "^[{(]?[0-9a-f]{8}[-]?([0-9a-f]{4}[-]?){3}[0-9a-f]{12}[)}]?$",
                "type": "string"
              },
              "x-ms-version": {
                "description": "The version of the REST protocol used to process the request.",
                "type": "string"
              },
              "Date": {
                "description": "A UTC date/time value generated by the service that indicates the time at which the response was initiated.",
                "type": "string"
              }
            }
          },
          "default": {
            "$ref": "#/responses/ErrorResponse"
          }
        },
        "parameters": [
          {
            "name": "If-Modified-Since",
            "description": "Optional. A date and time value. Specify this header to perform the operation only if the resource has been modified since the specified date and time.",
            "in": "header",
            "required": false,
            "type": "string"
          },
          {
            "name": "If-Unmodified-Since",
            "description": "Optional. A date and time value. Specify this header to perform the operation only if the resource has not been modified since the specified date and time.",
            "in": "header",
            "required": false,
            "type": "string"
          }
        ]
      },
      "parameters": [
        {
          "name": "filesystem",
          "in": "path",
          "description": "The filesystem identifier.  The value must start and end with a letter or number and must contain only letters, numbers, and the dash (-) character.  Consecutive dashes are not permitted.  All letters must be lowercase.  The value must have between 3 and 63 characters.",
          "required": true,
          "type": "string"
        },
        {
          "name": "resource",
          "in": "query",
          "description": "The value must be \"filesystem\" for all filesystem operations.",
          "required": true,
          "type": "string",
          "enum": [
            "filesystem"
          ],
          "x-ms-enum": {
            "name": "FilesystemResourceType",
            "modelAsString": false
          }
        },
        {
          "name": "x-ms-client-request-id",
          "description": "A UUID recorded in the analytics logs for troubleshooting and correlation.",
          "in": "header",
          "pattern": "^[{(]?[0-9a-f]{8}[-]?([0-9a-f]{4}[-]?){3}[0-9a-f]{12}[)}]?$",
          "required": false,
          "type": "string",
          "x-ms-client-request-id": true
        },
        {
          "name": "timeout",
          "in": "query",
          "description": "An optional operation timeout value in seconds. The period begins when the request is received by the service. If the timeout value elapses before the operation completes, the operation fails.",
          "format": "int32",
          "minimum": 1,
          "required": false,
          "type": "integer"
        },
        {
          "name": "x-ms-date",
          "in": "header",
          "description": "Specifies the Coordinated Universal Time (UTC) for the request.  This is required when using shared key authorization.",
          "required": false,
          "type": "string"
        },
        {
          "$ref": "#/parameters/Version"
        }
      ]
    },
    "/{filesystem}/{path}": {
      "put": {
        "operationId": "Path_Create",
        "summary": "Create File | Create Directory | Rename File | Rename Directory",
        "description": "Create or rename a file or directory.    By default, the destination is overwritten and if the destination already exists and has a lease the lease is broken.  This operation supports conditional HTTP requests.  For more information, see [Specifying Conditional Headers for Blob Service Operations](https://docs.microsoft.com/en-us/rest/api/storageservices/specifying-conditional-headers-for-blob-service-operations).  To fail if the destination already exists, use a conditional request with If-None-Match: \"*\".",
        "consumes": [
          "application/octet-stream"
        ],
        "tags": [
          "File and Directory Operations"
        ],
        "responses": {
          "201": {
            "description": "The file or directory was created.",
            "headers": {
              "Date": {
                "description": "A UTC date/time value generated by the service that indicates the time at which the response was initiated.",
                "type": "string"
              },
              "ETag": {
                "description": "An HTTP entity tag associated with the file or directory.",
                "type": "string"
              },
              "Last-Modified": {
                "description": "The data and time the file or directory was last modified.  Write operations on the file or directory update the last modified time.",
                "type": "string"
              },
              "x-ms-request-id": {
                "description": "A server-generated UUID recorded in the analytics logs for troubleshooting and correlation.",
                "pattern": "^[{(]?[0-9a-f]{8}[-]?([0-9a-f]{4}[-]?){3}[0-9a-f]{12}[)}]?$",
                "type": "string"
              },
              "x-ms-version": {
                "description": "The version of the REST protocol used to process the request.",
                "type": "string"
              },
              "x-ms-continuation": {
                "description": "When renaming a directory, the number of paths that are renamed with each invocation is limited.  If the number of paths to be renamed exceeds this limit, a continuation token is returned in this response header.  When a continuation token is returned in the response, it must be specified in a subsequent invocation of the rename operation to continue renaming the directory.",
                "type": "string"
              },
              "Content-Length": {
                "description": "The size of the resource in bytes.",
                "type": "string"
              }
            }
          },
          "default": {
            "$ref": "#/responses/ErrorResponse"
          }
        },
        "parameters": [
          {
            "name": "resource",
            "in": "query",
            "description": "Required only for Create File and Create Directory. The value must be \"file\" or \"directory\".",
            "required": false,
            "type": "string",
            "enum": [
              "directory",
              "file"
            ],
            "x-ms-enum": {
              "name": "PathResourceType",
              "modelAsString": false
            }
          },
          {
            "name": "continuation",
            "in": "query",
            "description": "Optional.  When renaming a directory, the number of paths that are renamed with each invocation is limited.  If the number of paths to be renamed exceeds this limit, a continuation token is returned in this response header.  When a continuation token is returned in the response, it must be specified in a subsequent invocation of the rename operation to continue renaming the directory.",
            "required": false,
            "type": "string"
          },
          {
            "name": "mode",
            "in": "query",
            "description": "Optional. Valid only when namespace is enabled. This parameter determines the behavior of the rename operation. The value must be \"legacy\" or \"posix\", and the default value will be \"posix\". ",
            "required": false,
            "type": "string",
            "enum": [
              "legacy",
              "posix"
            ],
            "x-ms-enum": {
              "name": "PathRenameMode",
              "modelAsString": false
            }
          },
          {
            "name": "Cache-Control",
            "in": "header",
            "description": "Optional.  The service stores this value and includes it in the \"Cache-Control\" response header for \"Read File\" operations for \"Read File\" operations.",
            "required": false,
            "type": "string"
          },
          {
            "name": "Content-Encoding",
            "in": "header",
            "description": "Optional.  Specifies which content encodings have been applied to the file. This value is returned to the client when the \"Read File\" operation is performed.",
            "required": false,
            "type": "string"
          },
          {
            "name": "Content-Language",
            "in": "header",
            "description": "Optional.  Specifies the natural language used by the intended audience for the file.",
            "required": false,
            "type": "string"
          },
          {
            "name": "Content-Disposition",
            "in": "header",
            "description": "Optional.  The service stores this value and includes it in the \"Content-Disposition\" response header for \"Read File\" operations.",
            "required": false,
            "type": "string"
          },
          {
            "name": "x-ms-cache-control",
            "in": "header",
            "description": "Optional.  The service stores this value and includes it in the \"Cache-Control\" response header for \"Read File\" operations.",
            "required": false,
            "type": "string"
          },
          {
            "name": "x-ms-content-type",
            "in": "header",
            "description": "Optional.  The service stores this value and includes it in the \"Content-Type\" response header for \"Read File\" operations.",
            "required": false,
            "type": "string"
          },
          {
            "name": "x-ms-content-encoding",
            "in": "header",
            "description": "Optional.  The service stores this value and includes it in the \"Content-Encoding\" response header for \"Read File\" operations.",
            "required": false,
            "type": "string"
          },
          {
            "name": "x-ms-content-language",
            "in": "header",
            "description": "Optional.  The service stores this value and includes it in the \"Content-Language\" response header for \"Read File\" operations.",
            "required": false,
            "type": "string"
          },
          {
            "name": "x-ms-content-disposition",
            "in": "header",
            "description": "Optional.  The service stores this value and includes it in the \"Content-Disposition\" response header for \"Read File\" operations.",
            "required": false,
            "type": "string"
          },
          {
            "name": "x-ms-rename-source",
            "in": "header",
            "description": "An optional file or directory to be renamed.  The value must have the following format: \"/{filesystem}/{path}\".  If \"x-ms-properties\" is specified, the properties will overwrite the existing properties; otherwise, the existing properties will be preserved.",
            "required": false,
            "type": "string"
          },
          {
            "name": "x-ms-lease-id",
            "in": "header",
            "description": "Optional.  A lease ID for the path specified in the URI.  The path to be overwritten must have an active lease and the lease ID must match.",
            "pattern": "^[{(]?[0-9a-f]{8}[-]?([0-9a-f]{4}[-]?){3}[0-9a-f]{12}[)}]?$",
            "required": false,
            "type": "string"
          },
          {
            "name": "x-ms-proposed-lease-id",
            "in": "header",
            "description": "Optional for create operations.  Required when \"x-ms-lease-action\" is used.  A lease will be acquired using the proposed ID when the resource is created.",
            "pattern": "^[{(]?[0-9a-f]{8}[-]?([0-9a-f]{4}[-]?){3}[0-9a-f]{12}[)}]?$",
            "required": false,
            "type": "string"
          },
          {
            "name": "x-ms-source-lease-id",
            "in": "header",
            "description": "Optional for rename operations.  A lease ID for the source path.  The source path must have an active lease and the lease ID must match.",
            "pattern": "^[{(]?[0-9a-f]{8}[-]?([0-9a-f]{4}[-]?){3}[0-9a-f]{12}[)}]?$",
            "required": false,
            "type": "string"
          },
          {
            "name": "x-ms-properties",
            "description": "Optional.  User-defined properties to be stored with the file or directory, in the format of a comma-separated list of name and value pairs \"n1=v1, n2=v2, ...\", where each value is base64 encoded.",
            "in": "header",
            "required": false,
            "type": "string"
          },
          {
            "name": "x-ms-permissions",
            "description": "Optional and only valid if Hierarchical Namespace is enabled for the account. Sets POSIX access permissions for the file owner, the file owning group, and others. Each class may be granted read, write, or execute permission.  The sticky bit is also supported.  Both symbolic (rwxrw-rw-) and 4-digit octal notation (e.g. 0766) are supported.",
            "in": "header",
            "required": false,
            "type": "string"
          },
          {
            "name": "If-Match",
            "description": "Optional.  An ETag value. Specify this header to perform the operation only if the resource's ETag matches the value specified. The ETag must be specified in quotes.",
            "in": "header",
            "required": false,
            "type": "string"
          },
          {
            "name": "If-None-Match",
            "description": "Optional.  An ETag value or the special wildcard (\"*\") value. Specify this header to perform the operation only if the resource's ETag does not match the value specified. The ETag must be specified in quotes.",
            "in": "header",
            "required": false,
            "type": "string"
          },
          {
            "name": "If-Modified-Since",
            "description": "Optional. A date and time value. Specify this header to perform the operation only if the resource has been modified since the specified date and time.",
            "in": "header",
            "required": false,
            "type": "string"
          },
          {
            "name": "If-Unmodified-Since",
            "description": "Optional. A date and time value. Specify this header to perform the operation only if the resource has not been modified since the specified date and time.",
            "in": "header",
            "required": false,
            "type": "string"
          },
          {
            "name": "x-ms-source-if-match",
            "description": "Optional.  An ETag value. Specify this header to perform the rename operation only if the source's ETag matches the value specified. The ETag must be specified in quotes.",
            "in": "header",
            "required": false,
            "type": "string"
          },
          {
            "name": "x-ms-source-if-none-match",
            "description": "Optional.  An ETag value or the special wildcard (\"*\") value. Specify this header to perform the rename operation only if the source's ETag does not match the value specified. The ETag must be specified in quotes.",
            "in": "header",
            "required": false,
            "type": "string"
          },
          {
            "name": "x-ms-source-if-modified-since",
            "description": "Optional. A date and time value. Specify this header to perform the rename operation only if the source has been modified since the specified date and time.",
            "in": "header",
            "required": false,
            "type": "string"
          },
          {
            "name": "x-ms-source-if-unmodified-since",
            "description": "Optional. A date and time value. Specify this header to perform the rename operation only if the source has not been modified since the specified date and time.",
            "in": "header",
            "required": false,
            "type": "string"
          }
        ]
      },
      "patch": {
        "operationId": "Path_Update",
        "summary": "Append Data | Flush Data | Set Properties | Set Access Control",
        "description": "Uploads data to be appended to a file, flushes (writes) previously uploaded data to a file, sets properties for a file or directory, or sets access control for a file or directory. Data can only be appended to a file. This operation supports conditional HTTP requests. For more information, see [Specifying Conditional Headers for Blob Service Operations](https://docs.microsoft.com/en-us/rest/api/storageservices/specifying-conditional-headers-for-blob-service-operations).",
        "consumes": [
          "application/octet-stream",
          "text/plain"
        ],
        "tags": [
          "File and Directory Operations"
        ],
        "responses": {
          "200": {
            "description": "The data was flushed (written) to the file or the properties were set successfully.",
            "headers": {
              "Date": {
                "description": "A UTC date/time value generated by the service that indicates the time at which the response was initiated.",
                "type": "string"
              },
              "ETag": {
                "description": "An HTTP entity tag associated with the file or directory.",
                "type": "string"
              },
              "Last-Modified": {
                "description": "The data and time the file or directory was last modified.  Write operations on the file or directory update the last modified time.",
                "type": "string"
              },
              "Accept-Ranges": {
                "description": "Indicates that the service supports requests for partial file content.",
                "type": "string"
              },
              "Cache-Control": {
                "description": "If the Cache-Control request header has previously been set for the resource, that value is returned in this header.",
                "type": "string"
              },
              "Content-Disposition": {
                "description": "If the Content-Disposition request header has previously been set for the resource, that value is returned in this header.",
                "type": "string"
              },
              "Content-Encoding": {
                "description": "If the Content-Encoding request header has previously been set for the resource, that value is returned in this header.",
                "type": "string"
              },
              "Content-Language": {
                "description": "If the Content-Language request header has previously been set for the resource, that value is returned in this header.",
                "type": "string"
              },
              "Content-Length": {
                "description": "The size of the resource in bytes.",
                "type": "string"
              },
              "Content-Range": {
                "description": "Indicates the range of bytes returned in the event that the client requested a subset of the file by setting the Range request header.",
                "type": "string"
              },
              "Content-Type": {
                "description": "The content type specified for the resource. If no content type was specified, the default content type is application/octet-stream.",
                "type": "string"
              },
              "x-ms-properties": {
                "description": "User-defined properties associated with the file or directory, in the format of a comma-separated list of name and value pairs \"n1=v1, n2=v2, ...\", where each value is base64 encoded.",
                "type": "string"
              },
              "x-ms-request-id": {
                "description": "A server-generated UUID recorded in the analytics logs for troubleshooting and correlation.",
                "pattern": "^[{(]?[0-9a-f]{8}[-]?([0-9a-f]{4}[-]?){3}[0-9a-f]{12}[)}]?$",
                "type": "string"
              },
              "x-ms-version": {
                "description": "The version of the REST protocol used to process the request.",
                "type": "string"
              }
            }
          },
          "202": {
            "description": "The uploaded data was accepted.",
            "headers": {
              "Date": {
                "description": "A UTC date/time value generated by the service that indicates the time at which the response was initiated.",
                "type": "string"
              },
              "x-ms-request-id": {
                "description": "A server-generated UUID recorded in the analytics logs for troubleshooting and correlation.",
                "pattern": "^[{(]?[0-9a-f]{8}[-]?([0-9a-f]{4}[-]?){3}[0-9a-f]{12}[)}]?$",
                "type": "string"
              },
              "x-ms-version": {
                "description": "The version of the REST protocol used to process the request.",
                "type": "string"
              }
            }
          },
          "default": {
            "$ref": "#/responses/ErrorResponse"
          }
        },
        "parameters": [
          {
            "name": "action",
            "in": "query",
            "description": "The action must be \"append\" to upload data to be appended to a file, \"flush\" to flush previously uploaded data to a file, \"setProperties\" to set the properties of a file or directory, or \"setAccessControl\" to set the owner, group, permissions, or access control list for a file or directory.  Note that Hierarchical Namespace must be enabled for the account in order to use access control.  Also note that the Access Control List (ACL) includes permissions for the owner, owning group, and others, so the x-ms-permissions and x-ms-acl request headers are mutually exclusive.",
            "required": true,
            "type": "string",
            "enum": [
              "append",
              "flush",
              "setProperties",
              "setAccessControl"
            ],
            "x-ms-enum": {
              "name": "PathUpdateAction",
              "modelAsString": false
            }
          },
          {
            "name": "position",
            "in": "query",
            "description": "This parameter allows the caller to upload data in parallel and control the order in which it is appended to the file.  It is required when uploading data to be appended to the file and when flushing previously uploaded data to the file.  The value must be the position where the data is to be appended.  Uploaded data is not immediately flushed, or written, to the file.  To flush, the previously uploaded data must be contiguous, the position parameter must be specified and equal to the length of the file after all data has been written, and there must not be a request entity body included with the request.",
            "format": "int64",
            "required": false,
            "type": "integer"
          },
          {
            "name": "retainUncommittedData",
            "in": "query",
            "description": "Valid only for flush operations.  If \"true\", uncommitted data is retained after the flush operation completes; otherwise, the uncommitted data is deleted after the flush operation.  The default is false.  Data at offsets less than the specified position are written to the file when flush succeeds, but this optional parameter allows data after the flush position to be retained for a future flush operation.",
            "required": false,
            "type": "boolean"
          },
          {
            "name": "Content-Length",
            "in": "header",
            "description": "Required for \"Append Data\" and \"Flush Data\".  Must be 0 for \"Flush Data\".  Must be the length of the request content in bytes for \"Append Data\".",
            "minimum": 0,
            "required": false,
            "type": "string"
          },
          {
            "name": "x-ms-lease-action",
            "in": "header",
            "description": "Optional.  The lease action can be \"renew\" to renew an existing lease or \"release\" to release a lease.",
            "type": "string",
            "enum": [
              "renew",
              "release"
            ],
            "x-ms-enum": {
              "name": "PathUpdateLeaseAction",
              "modelAsString": false
            }
          },
          {
            "name": "x-ms-lease-id",
            "in": "header",
            "description": "The lease ID must be specified if there is an active lease.",
            "pattern": "^[{(]?[0-9a-f]{8}[-]?([0-9a-f]{4}[-]?){3}[0-9a-f]{12}[)}]?$",
            "required": false,
            "type": "string"
          },
          {
            "name": "x-ms-cache-control",
            "in": "header",
            "description": "Optional and only valid for flush and set properties operations.  The service stores this value and includes it in the \"Cache-Control\" response header for \"Read File\" operations.",
            "required": false,
            "type": "string"
          },
          {
            "name": "x-ms-content-type",
            "in": "header",
            "description": "Optional and only valid for flush and set properties operations.  The service stores this value and includes it in the \"Content-Type\" response header for \"Read File\" operations.",
            "required": false,
            "type": "string"
          },
          {
            "name": "x-ms-content-disposition",
            "in": "header",
            "description": "Optional and only valid for flush and set properties operations.  The service stores this value and includes it in the \"Content-Disposition\" response header for \"Read File\" operations.",
            "required": false,
            "type": "string"
          },
          {
            "name": "x-ms-content-encoding",
            "in": "header",
            "description": "Optional and only valid for flush and set properties operations.  The service stores this value and includes it in the \"Content-Encoding\" response header for \"Read File\" operations.",
            "required": false,
            "type": "string"
          },
          {
            "name": "x-ms-content-language",
            "in": "header",
            "description": "Optional and only valid for flush and set properties operations.  The service stores this value and includes it in the \"Content-Language\" response header for \"Read File\" operations.",
            "required": false,
            "type": "string"
          },
          {
            "name": "x-ms-properties",
            "description": "Optional.  User-defined properties to be stored with the file or directory, in the format of a comma-separated list of name and value pairs \"n1=v1, n2=v2, ...\", where each value is base64 encoded.  Valid only for the setProperties operation.  If the file or directory exists, any properties not included in the list will be removed.  All properties are removed if the header is omitted.  To merge new and existing properties, first get all existing properties and the current E-Tag, then make a conditional request with the E-Tag and include values for all properties.",
            "in": "header",
            "required": false,
            "type": "string"
          },
          {
            "name": "x-ms-owner",
            "description": "Optional and valid only for the setAccessControl operation. Sets the owner of the file or directory.",
            "in": "header",
            "required": false,
            "type": "string"
          },
          {
            "name": "x-ms-group",
            "description": "Optional and valid only for the setAccessControl operation. Sets the owning group of the file or directory.",
            "in": "header",
            "required": false,
            "type": "string"
          },
          {
            "name": "x-ms-permissions",
            "description": "Optional and only valid if Hierarchical Namespace is enabled for the account. Sets POSIX access permissions for the file owner, the file owning group, and others. Each class may be granted read, write, or execute permission.  The sticky bit is also supported.  Both symbolic (rwxrw-rw-) and 4-digit octal notation (e.g. 0766) are supported. Invalid in conjunction with x-ms-acl.",
            "in": "header",
            "required": false,
            "type": "string"
          },
          {
            "name": "x-ms-acl",
            "description": "Optional and valid only for the setAccessControl operation. Sets POSIX access control rights on files and directories. The value is a comma-separated list of access control entries that fully replaces the existing access control list (ACL).  Each access control entry (ACE) consists of a scope, a type, a user or group identifier, and permissions in the format \"[scope:][type]:[id]:[permissions]\". The scope must be \"default\" to indicate the ACE belongs to the default ACL for a directory; otherwise scope is implicit and the ACE belongs to the access ACL.  There are four ACE types: \"user\" grants rights to the owner or a named user, \"group\" grants rights to the owning group or a named group, \"mask\" restricts rights granted to named users and the members of groups, and \"other\" grants rights to all users not found in any of the other entries. The user or group identifier is omitted for entries of type \"mask\" and \"other\".  The user or group identifier is also omitted for the owner and owning group.  The permission field is a 3-character sequence where the first character is 'r' to grant read access, the second character is 'w' to grant write access, and the third character is 'x' to grant execute permission.  If access is not granted, the '-' character is used to denote that the permission is denied. For example, the following ACL grants read, write, and execute rights to the file owner and john.doe@contoso, the read right to the owning group, and nothing to everyone else: \"user::rwx,user:john.doe@contoso:rwx,group::r--,other::---,mask=rwx\". Invalid in conjunction with x-ms-permissions.",
            "in": "header",
            "required": false,
            "type": "string"
          },
          {
            "name": "If-Match",
            "description": "Optional for Flush Data and Set Properties, but invalid for Append Data.  An ETag value. Specify this header to perform the operation only if the resource's ETag matches the value specified. The ETag must be specified in quotes.",
            "in": "header",
            "required": false,
            "type": "string"
          },
          {
            "name": "If-None-Match",
            "description": "Optional for Flush Data and Set Properties, but invalid for Append Data.  An ETag value or the special wildcard (\"*\") value. Specify this header to perform the operation only if the resource's ETag does not match the value specified. The ETag must be specified in quotes.",
            "in": "header",
            "required": false,
            "type": "string"
          },
          {
            "name": "If-Modified-Since",
            "description": "Optional for Flush Data and Set Properties, but invalid for Append Data. A date and time value. Specify this header to perform the operation only if the resource has been modified since the specified date and time.",
            "in": "header",
            "required": false,
            "type": "string"
          },
          {
            "name": "If-Unmodified-Since",
            "description": "Optional for Flush Data and Set Properties, but invalid for Append Data. A date and time value. Specify this header to perform the operation only if the resource has not been modified since the specified date and time.",
            "in": "header",
            "required": false,
            "type": "string"
          },
          {
            "name": "requestBody",
            "description": "Valid only for append operations.  The data to be uploaded and appended to the file.",
            "in": "body",
            "required": false,
            "schema": {
              "type": "object",
              "format": "file"
            }
          }
        ]
      },
      "post": {
        "operationId": "Path_Lease",
        "summary": "Lease Path",
        "description": "Create and manage a lease to restrict write and delete access to the path. This operation supports conditional HTTP requests.  For more information, see [Specifying Conditional Headers for Blob Service Operations](https://docs.microsoft.com/en-us/rest/api/storageservices/specifying-conditional-headers-for-blob-service-operations).",
        "tags": [
          "File and Directory Operations"
        ],
        "responses": {
          "200": {
            "description": "The \"renew\", \"change\" or \"release\" action was successful.",
            "headers": {
              "Date": {
                "description": "A UTC date/time value generated by the service that indicates the time at which the response was initiated.",
                "type": "string"
              },
              "ETag": {
                "description": "An HTTP entity tag associated with the file.",
                "type": "string"
              },
              "Last-Modified": {
                "description": "The data and time the file was last modified.  Write operations on the file update the last modified time.",
                "type": "string"
              },
              "x-ms-request-id": {
                "description": "A server-generated UUID recorded in the analytics logs for troubleshooting and correlation.",
                "pattern": "^[{(]?[0-9a-f]{8}[-]?([0-9a-f]{4}[-]?){3}[0-9a-f]{12}[)}]?$",
                "type": "string"
              },
              "x-ms-version": {
                "description": "The version of the REST protocol used to process the request.",
                "type": "string"
              },
              "x-ms-lease-id": {
                "description": "A successful \"renew\" action returns the lease ID.",
                "pattern": "^[{(]?[0-9a-f]{8}[-]?([0-9a-f]{4}[-]?){3}[0-9a-f]{12}[)}]?$",
                "type": "string"
              }
            }
          },
          "201": {
            "description": "A new lease has been created.  The \"acquire\" action was successful.",
            "headers": {
              "Date": {
                "description": "A UTC date/time value generated by the service that indicates the time at which the response was initiated.",
                "type": "string"
              },
              "ETag": {
                "description": "An HTTP entity tag associated with the file or directory.",
                "type": "string"
              },
              "Last-Modified": {
                "description": "The data and time the file or directory was last modified.  Write operations on the file or directory update the last modified time.",
                "type": "string"
              },
              "x-ms-request-id": {
                "description": "A server-generated UUID recorded in the analytics logs for troubleshooting and correlation.",
                "pattern": "^[{(]?[0-9a-f]{8}[-]?([0-9a-f]{4}[-]?){3}[0-9a-f]{12}[)}]?$",
                "type": "string"
              },
              "x-ms-version": {
                "description": "The version of the REST protocol used to process the request.",
                "type": "string"
              },
              "x-ms-lease-id": {
                "description": "A successful \"acquire\" action returns the lease ID.",
                "pattern": "^[{(]?[0-9a-f]{8}[-]?([0-9a-f]{4}[-]?){3}[0-9a-f]{12}[)}]?$",
                "type": "string"
              }
            }
          },
          "202": {
            "description": "The \"break\" lease action was successful.",
            "headers": {
              "ETag": {
                "description": "An HTTP entity tag associated with the file or directory.",
                "type": "string"
              },
              "Last-Modified": {
                "description": "The data and time the file or directory was last modified.  Write operations on the file or directory update the last modified time.",
                "type": "string"
              },
              "x-ms-request-id": {
                "description": "A server-generated UUID recorded in the analytics logs for troubleshooting and correlation.",
                "pattern": "^[{(]?[0-9a-f]{8}[-]?([0-9a-f]{4}[-]?){3}[0-9a-f]{12}[)}]?$",
                "type": "string"
              },
              "x-ms-version": {
                "description": "The version of the REST protocol used to process the request.",
                "type": "string"
              },
              "x-ms-lease-time": {
                "description": "The time remaining in the lease period in seconds.",
                "type": "string"
              }
            }
          },
          "default": {
            "$ref": "#/responses/ErrorResponse"
          }
        },
        "parameters": [
          {
            "name": "x-ms-lease-action",
            "in": "header",
            "description": "There are five lease actions: \"acquire\", \"break\", \"change\", \"renew\", and \"release\". Use \"acquire\" and specify the \"x-ms-proposed-lease-id\" and \"x-ms-lease-duration\" to acquire a new lease. Use \"break\" to break an existing lease. When a lease is broken, the lease break period is allowed to elapse, during which time no lease operation except break and release can be performed on the file. When a lease is successfully broken, the response indicates the interval in seconds until a new lease can be acquired. Use \"change\" and specify the current lease ID in \"x-ms-lease-id\" and the new lease ID in \"x-ms-proposed-lease-id\" to change the lease ID of an active lease. Use \"renew\" and specify the \"x-ms-lease-id\" to renew an existing lease. Use \"release\" and specify the \"x-ms-lease-id\" to release a lease.",
            "required": true,
            "type": "string",
            "enum": [
              "acquire",
              "break",
              "change",
              "renew",
              "release"
            ],
            "x-ms-enum": {
              "name": "PathLeaseAction",
              "modelAsString": false
            }
          },
          {
            "name": "x-ms-lease-duration",
            "in": "header",
            "description": "The lease duration is required to acquire a lease, and specifies the duration of the lease in seconds.  The lease duration must be between 15 and 60 seconds or -1 for infinite lease.",
            "format": "int32",
            "required": false,
            "type": "integer"
          },
          {
            "name": "x-ms-lease-break-period",
            "in": "header",
            "description": "The lease break period duration is optional to break a lease, and  specifies the break period of the lease in seconds.  The lease break  duration must be between 0 and 60 seconds.",
            "format": "int32",
            "required": false,
            "type": "integer"
          },
          {
            "name": "x-ms-lease-id",
            "in": "header",
            "description": "Required when \"x-ms-lease-action\" is \"renew\", \"change\" or \"release\". For the renew and release actions, this must match the current lease ID.",
            "pattern": "^[{(]?[0-9a-f]{8}[-]?([0-9a-f]{4}[-]?){3}[0-9a-f]{12}[)}]?$",
            "required": false,
            "type": "string"
          },
          {
            "name": "x-ms-proposed-lease-id",
            "in": "header",
            "description": "Required when \"x-ms-lease-action\" is \"acquire\" or \"change\".  A lease will be acquired with this lease ID if the operation is successful.",
            "pattern": "^[{(]?[0-9a-f]{8}[-]?([0-9a-f]{4}[-]?){3}[0-9a-f]{12}[)}]?$",
            "required": false,
            "type": "string"
          },
          {
            "name": "If-Match",
            "description": "Optional.  An ETag value. Specify this header to perform the operation only if the resource's ETag matches the value specified. The ETag must be specified in quotes.",
            "in": "header",
            "required": false,
            "type": "string"
          },
          {
            "name": "If-None-Match",
            "description": "Optional.  An ETag value or the special wildcard (\"*\") value. Specify this header to perform the operation only if the resource's ETag does not match the value specified. The ETag must be specified in quotes.",
            "in": "header",
            "required": false,
            "type": "string"
          },
          {
            "name": "If-Modified-Since",
            "description": "Optional. A date and time value. Specify this header to perform the operation only if the resource has been modified since the specified date and time.",
            "in": "header",
            "required": false,
            "type": "string"
          },
          {
            "name": "If-Unmodified-Since",
            "description": "Optional. A date and time value. Specify this header to perform the operation only if the resource has not been modified since the specified date and time.",
            "in": "header",
            "required": false,
            "type": "string"
          }
        ]
      },
      "get": {
        "operationId": "Path_Read",
        "summary": "Read File",
        "description": "Read the contents of a file.  For read operations, range requests are supported. This operation supports conditional HTTP requests.  For more information, see [Specifying Conditional Headers for Blob Service Operations](https://docs.microsoft.com/en-us/rest/api/storageservices/specifying-conditional-headers-for-blob-service-operations).",
        "produces": [
          "application/json",
          "application/octet-stream",
          "text/plain"
        ],
        "tags": [
          "File and Directory Operations"
        ],
        "responses": {
          "200": {
            "description": "Ok",
            "headers": {
              "Accept-Ranges": {
                "description": "Indicates that the service supports requests for partial file content.",
                "type": "string"
              },
              "Cache-Control": {
                "description": "If the Cache-Control request header has previously been set for the resource, that value is returned in this header.",
                "type": "string"
              },
              "Content-Disposition": {
                "description": "If the Content-Disposition request header has previously been set for the resource, that value is returned in this header.",
                "type": "string"
              },
              "Content-Encoding": {
                "description": "If the Content-Encoding request header has previously been set for the resource, that value is returned in this header.",
                "type": "string"
              },
              "Content-Language": {
                "description": "If the Content-Language request header has previously been set for the resource, that value is returned in this header.",
                "type": "string"
              },
              "Content-Length": {
                "description": "The size of the resource in bytes.",
                "type": "string"
              },
              "Content-Range": {
                "description": "Indicates the range of bytes returned in the event that the client requested a subset of the file by setting the Range request header.",
                "type": "string"
              },
              "Content-Type": {
                "description": "The content type specified for the resource. If no content type was specified, the default content type is application/octet-stream.",
                "type": "string"
              },
              "Date": {
                "description": "A UTC date/time value generated by the service that indicates the time at which the response was initiated.",
                "type": "string"
              },
              "ETag": {
                "description": "An HTTP entity tag associated with the file or directory.",
                "type": "string"
              },
              "Last-Modified": {
                "description": "The data and time the file or directory was last modified.  Write operations on the file or directory update the last modified time.",
                "type": "string"
              },
              "x-ms-request-id": {
                "description": "A server-generated UUID recorded in the analytics logs for troubleshooting and correlation.",
                "pattern": "^[{(]?[0-9a-f]{8}[-]?([0-9a-f]{4}[-]?){3}[0-9a-f]{12}[)}]?$",
                "type": "string"
              },
              "x-ms-version": {
                "description": "The version of the REST protocol used to process the request.",
                "type": "string"
              },
              "x-ms-resource-type": {
                "description": "The type of the resource.  The value may be \"file\" or \"directory\".  If not set, the value is \"file\".",
                "type": "string"
              },
              "x-ms-properties": {
                "description": "The user-defined properties associated with the file or directory, in the format of a comma-separated list of name and value pairs \"n1=v1, n2=v2, ...\", where each value is base64 encoded.",
                "type": "string"
              },
              "x-ms-lease-duration": {
                "description": "When a resource is leased, specifies whether the lease is of infinite or fixed duration.",
                "type": "string"
              },
              "x-ms-lease-state": {
                "description": "Lease state of the resource. ",
                "type": "string"
              },
              "x-ms-lease-status": {
                "description": "The lease status of the resource.",
                "type": "string"
              }
            },
            "schema": {
              "type": "file"
            }
          },
          "206": {
            "description": "Partial content",
            "headers": {
              "Accept-Ranges": {
                "description": "Indicates that the service supports requests for partial file content.",
                "type": "string"
              },
              "Cache-Control": {
                "description": "If the Cache-Control request header has previously been set for the resource, that value is returned in this header.",
                "type": "string"
              },
              "Content-Disposition": {
                "description": "If the Content-Disposition request header has previously been set for the resource, that value is returned in this header.",
                "type": "string"
              },
              "Content-Encoding": {
                "description": "If the Content-Encoding request header has previously been set for the resource, that value is returned in this header.",
                "type": "string"
              },
              "Content-Language": {
                "description": "If the Content-Language request header has previously been set for the resource, that value is returned in this header.",
                "type": "string"
              },
              "Content-Length": {
                "description": "The size of the resource in bytes.",
                "type": "string"
              },
              "Content-Range": {
                "description": "Indicates the range of bytes returned in the event that the client requested a subset of the file by setting the Range request header.",
                "type": "string"
              },
              "Content-Type": {
                "description": "The content type specified for the resource. If no content type was specified, the default content type is application/octet-stream.",
                "type": "string"
              },
              "Date": {
                "description": "A UTC date/time value generated by the service that indicates the time at which the response was initiated.",
                "type": "string"
              },
              "ETag": {
                "description": "An HTTP entity tag associated with the file or directory.",
                "type": "string"
              },
              "Last-Modified": {
                "description": "The data and time the file or directory was last modified.  Write operations on the file or directory update the last modified time.",
                "type": "string"
              },
              "x-ms-request-id": {
                "description": "A server-generated UUID recorded in the analytics logs for troubleshooting and correlation.",
                "pattern": "^[{(]?[0-9a-f]{8}[-]?([0-9a-f]{4}[-]?){3}[0-9a-f]{12}[)}]?$",
                "type": "string"
              },
              "x-ms-version": {
                "description": "The version of the REST protocol used to process the request.",
                "type": "string"
              },
              "x-ms-resource-type": {
                "description": "The type of the resource.  The value may be \"file\" or \"directory\".  If not set, the value is \"file\".",
                "type": "string"
              },
              "x-ms-properties": {
                "description": "The user-defined properties associated with the file or directory, in the format of a comma-separated list of name and value pairs \"n1=v1, n2=v2, ...\", where each value is base64 encoded.",
                "type": "string"
              },
              "x-ms-lease-duration": {
                "description": "When a resource is leased, specifies whether the lease is of infinite or fixed duration.",
                "type": "string"
              },
              "x-ms-lease-state": {
                "description": "Lease state of the resource. ",
                "type": "string"
              },
              "x-ms-lease-status": {
                "description": "The lease status of the resource.",
                "type": "string"
              }
            },
            "schema": {
              "type": "file"
            }
          },
          "default": {
            "$ref": "#/responses/ErrorResponse"
          }
        },
        "parameters": [
          {
            "in": "header",
            "description": "The HTTP Range request header specifies one or more byte ranges of the resource to be retrieved.",
            "required": false,
            "type": "string",
            "name": "Range"
          },
          {
            "name": "If-Match",
            "description": "Optional.  An ETag value. Specify this header to perform the operation only if the resource's ETag matches the value specified. The ETag must be specified in quotes.",
            "in": "header",
            "required": false,
            "type": "string"
          },
          {
            "name": "If-None-Match",
            "description": "Optional.  An ETag value or the special wildcard (\"*\") value. Specify this header to perform the operation only if the resource's ETag does not match the value specified. The ETag must be specified in quotes.",
            "in": "header",
            "required": false,
            "type": "string"
          },
          {
            "name": "If-Modified-Since",
            "description": "Optional. A date and time value. Specify this header to perform the operation only if the resource has been modified since the specified date and time.",
            "in": "header",
            "required": false,
            "type": "string"
          },
          {
            "name": "If-Unmodified-Since",
            "description": "Optional. A date and time value. Specify this header to perform the operation only if the resource has not been modified since the specified date and time.",
            "in": "header",
            "required": false,
            "type": "string"
          }
        ]
      },
      "head": {
        "operationId": "Path_GetProperties",
        "summary": "Get Properties | Get Access Control List",
        "description": "Get the properties for a file or directory, and optionally include the access control list.  This operation supports conditional HTTP requests.  For more information, see [Specifying Conditional Headers for Blob Service Operations](https://docs.microsoft.com/en-us/rest/api/storageservices/specifying-conditional-headers-for-blob-service-operations).",
        "tags": [
          "File and Directory Operations"
        ],
        "responses": {
          "200": {
            "description": "Returns all properties for the file or directory.",
            "headers": {
              "Accept-Ranges": {
                "description": "Indicates that the service supports requests for partial file content.",
                "type": "string"
              },
              "Cache-Control": {
                "description": "If the Cache-Control request header has previously been set for the resource, that value is returned in this header.",
                "type": "string"
              },
              "Content-Disposition": {
                "description": "If the Content-Disposition request header has previously been set for the resource, that value is returned in this header.",
                "type": "string"
              },
              "Content-Encoding": {
                "description": "If the Content-Encoding request header has previously been set for the resource, that value is returned in this header.",
                "type": "string"
              },
              "Content-Language": {
                "description": "If the Content-Language request header has previously been set for the resource, that value is returned in this header.",
                "type": "string"
              },
              "Content-Length": {
                "description": "The size of the resource in bytes.",
                "type": "string"
              },
              "Content-Range": {
                "description": "Indicates the range of bytes returned in the event that the client requested a subset of the file by setting the Range request header.",
                "type": "string"
              },
              "Content-Type": {
                "description": "The content type specified for the resource. If no content type was specified, the default content type is application/octet-stream.",
                "type": "string"
              },
              "Date": {
                "description": "A UTC date/time value generated by the service that indicates the time at which the response was initiated.",
                "type": "string"
              },
              "ETag": {
                "description": "An HTTP entity tag associated with the file or directory.",
                "type": "string"
              },
              "Last-Modified": {
                "description": "The data and time the file or directory was last modified.  Write operations on the file or directory update the last modified time.",
                "type": "string"
              },
              "x-ms-request-id": {
                "description": "A server-generated UUID recorded in the analytics logs for troubleshooting and correlation.",
                "pattern": "^[{(]?[0-9a-f]{8}[-]?([0-9a-f]{4}[-]?){3}[0-9a-f]{12}[)}]?$",
                "type": "string"
              },
              "x-ms-version": {
                "description": "The version of the REST protocol used to process the request.",
                "type": "string"
              },
              "x-ms-resource-type": {
                "description": "The type of the resource.  The value may be \"file\" or \"directory\".  If not set, the value is \"file\".",
                "type": "string"
              },
              "x-ms-properties": {
                "description": "The user-defined properties associated with the file or directory, in the format of a comma-separated list of name and value pairs \"n1=v1, n2=v2, ...\", where each value is base64 encoded.",
                "type": "string"
              },
              "x-ms-owner": {
                "description": "The owner of the file or directory. Included in the response if Hierarchical Namespace is enabled for the account.",
                "type": "string"
              },
              "x-ms-group": {
                "description": "The owning group of the file or directory. Included in the response if Hierarchical Namespace is enabled for the account.",
                "type": "string"
              },
              "x-ms-permissions": {
                "description": "The POSIX access permissions for the file owner, the file owning group, and others. Included in the response if Hierarchical Namespace is enabled for the account.",
                "type": "string"
              },
              "x-ms-acl": {
                "description": "The POSIX access control list for the file or directory.  Included in the response only if the action is \"getAccessControl\" and Hierarchical Namespace is enabled for the account.",
                "type": "string"
              },
              "x-ms-lease-duration": {
                "description": "When a resource is leased, specifies whether the lease is of infinite or fixed duration.",
                "type": "string"
              },
              "x-ms-lease-state": {
                "description": "Lease state of the resource. ",
                "type": "string"
              },
              "x-ms-lease-status": {
                "description": "The lease status of the resource.",
                "type": "string"
              }
            }
          },
          "default": {
            "$ref": "#/responses/ErrorResponse"
          }
        },
        "parameters": [
          {
            "name": "action",
            "in": "query",
            "description": "Optional. If the value is \"getAccessControl\" the access control list is returned in the response headers (Hierarchical Namespace must be enabled for the account).",
            "required": false,
            "type": "string",
            "enum": [
              "getAccessControl"
            ],
            "x-ms-enum": {
              "name": "PathGetPropertiesAction",
              "modelAsString": false
            }
          },
          {
            "name": "If-Match",
            "description": "Optional.  An ETag value. Specify this header to perform the operation only if the resource's ETag matches the value specified. The ETag must be specified in quotes.",
            "in": "header",
            "required": false,
            "type": "string"
          },
          {
            "name": "If-None-Match",
            "description": "Optional.  An ETag value or the special wildcard (\"*\") value. Specify this header to perform the operation only if the resource's ETag does not match the value specified. The ETag must be specified in quotes.",
            "in": "header",
            "required": false,
            "type": "string"
          },
          {
            "name": "If-Modified-Since",
            "description": "Optional. A date and time value. Specify this header to perform the operation only if the resource has been modified since the specified date and time.",
            "in": "header",
            "required": false,
            "type": "string"
          },
          {
            "name": "If-Unmodified-Since",
            "description": "Optional. A date and time value. Specify this header to perform the operation only if the resource has not been modified since the specified date and time.",
            "in": "header",
            "required": false,
            "type": "string"
          }
        ]
      },
      "delete": {
        "operationId": "Path_Delete",
        "summary": "Delete File | Delete Directory",
        "description": "Delete the file or directory. This operation supports conditional HTTP requests.  For more information, see [Specifying Conditional Headers for Blob Service Operations](https://docs.microsoft.com/en-us/rest/api/storageservices/specifying-conditional-headers-for-blob-service-operations).",
        "tags": [
          "File and Directory Operations"
        ],
        "responses": {
          "200": {
            "description": "The file was deleted.",
            "headers": {
              "Date": {
                "description": "A UTC date/time value generated by the service that indicates the time at which the response was initiated.",
                "type": "string"
              },
              "x-ms-request-id": {
                "description": "A server-generated UUID recorded in the analytics logs for troubleshooting and correlation.",
                "pattern": "^[{(]?[0-9a-f]{8}[-]?([0-9a-f]{4}[-]?){3}[0-9a-f]{12}[)}]?$",
                "type": "string"
              },
              "x-ms-version": {
                "description": "The version of the REST protocol used to process the request.",
                "type": "string"
              },
              "x-ms-continuation": {
                "description": "When deleting a directory, the number of paths that are deleted with each invocation is limited.  If the number of paths to be deleted exceeds this limit, a continuation token is returned in this response header.  When a continuation token is returned in the response, it must be specified in a subsequent invocation of the delete operation to continue deleting the directory.",
                "type": "string"
              }
            }
          },
          "default": {
            "$ref": "#/responses/ErrorResponse"
          }
        },
        "parameters": [
          {
            "name": "recursive",
            "in": "query",
            "description": "Required and valid only when the resource is a directory.  If \"true\", all paths beneath the directory will be deleted. If \"false\" and the directory is non-empty, an error occurs.",
            "required": false,
            "type": "boolean"
          },
          {
            "name": "continuation",
            "in": "query",
            "description": "Optional.  When deleting a directory, the number of paths that are deleted with each invocation is limited.  If the number of paths to be deleted exceeds this limit, a continuation token is returned in this response header.  When a continuation token is returned in the response, it must be specified in a subsequent invocation of the delete operation to continue deleting the directory.",
            "required": false,
            "type": "string"
          },
          {
            "name": "x-ms-lease-id",
            "in": "header",
            "description": "The lease ID must be specified if there is an active lease.",
            "pattern": "^[{(]?[0-9a-f]{8}[-]?([0-9a-f]{4}[-]?){3}[0-9a-f]{12}[)}]?$",
            "required": false,
            "type": "string"
          },
          {
            "name": "If-Match",
            "description": "Optional.  An ETag value. Specify this header to perform the operation only if the resource's ETag matches the value specified. The ETag must be specified in quotes.",
            "in": "header",
            "required": false,
            "type": "string"
          },
          {
            "name": "If-None-Match",
            "description": "Optional.  An ETag value or the special wildcard (\"*\") value. Specify this header to perform the operation only if the resource's ETag does not match the value specified. The ETag must be specified in quotes.",
            "in": "header",
            "required": false,
            "type": "string"
          },
          {
            "name": "If-Modified-Since",
            "description": "Optional. A date and time value. Specify this header to perform the operation only if the resource has been modified since the specified date and time.",
            "in": "header",
            "required": false,
            "type": "string"
          },
          {
            "name": "If-Unmodified-Since",
            "description": "Optional. A date and time value. Specify this header to perform the operation only if the resource has not been modified since the specified date and time.",
            "in": "header",
            "required": false,
            "type": "string"
          }
        ]
      },
      "parameters": [
        {
          "name": "filesystem",
          "in": "path",
          "description": "The filesystem identifier.",
          "pattern": "^[a-z0-9](?!.*--)[-a-z0-9]{1,61}[a-z0-9]$",
          "minLength": 3,
          "maxLength": 63,
          "required": true,
          "type": "string"
        },
        {
          "name": "path",
          "in": "path",
          "description": "The file or directory path.",
          "required": true,
          "type": "string"
        },
        {
          "name": "x-ms-client-request-id",
          "description": "A UUID recorded in the analytics logs for troubleshooting and correlation.",
          "in": "header",
          "pattern": "^[{(]?[0-9a-f]{8}[-]?([0-9a-f]{4}[-]?){3}[0-9a-f]{12}[)}]?$",
          "required": false,
          "type": "string",
          "x-ms-client-request-id": true
        },
        {
          "name": "timeout",
          "in": "query",
          "description": "An optional operation timeout value in seconds. The period begins when the request is received by the service. If the timeout value elapses before the operation completes, the operation fails.",
          "format": "int32",
          "minimum": 1,
          "required": false,
          "type": "integer"
        },
        {
          "name": "x-ms-date",
          "in": "header",
          "description": "Specifies the Coordinated Universal Time (UTC) for the request.  This is required when using shared key authorization.",
          "required": false,
          "type": "string"
        },
        {
          "$ref": "#/parameters/Version"
        }
      ]
    }
  }
}
